log_evidence_values,error,time
-4.094677701868261,0.3339108229250731,2.537426471710205
-9.428633874460516,0.44398208915893544,5.165271282196045
-14.983799879123842,0.5174310579325347,8.556579828262329
-20.35931823767788,0.5971955326070171,14.09926962852478
-25.866869977215845,0.6703859161838596,20.00494909286499
-31.244108004738255,0.7397846344038849,26.594876050949097
-37.043462852437976,0.8049932998839276,33.08003902435303
