log_evidence_values,error,time
-44.46130158930191,0.8058984858563776,41.762158155441284
