log_evidence_values,error,time
-4.720951831024046,0.329920861357374,3.3547661304473877
