log_evidence_values,error,time
-4.599937760774822,0.3307674828748642,3.7117671966552734
